task_name,action,created
run_tick,run,1691502616.937803
run_tick,success,1691502616.941196
run_tick,run,1691502617.956924
run_tick,success,1691502617.9603572
run_tick,run,1691502618.973633
run_tick,success,1691502618.9771452
run_tick,run,1691502619.990593
run_tick,success,1691502619.995192
run_tick,run,1691502621.0071738
run_tick,success,1691502621.010766
run_tick,run,1691502622.02679
run_tick,success,1691502622.029675
run_tick,run,1691502623.0458329
run_tick,success,1691502623.049772
run_tick,run,1691502624.063981
run_tick,success,1691502624.0668921
run_tick,run,1691502625.0795782
run_tick,success,1691502625.082627
run_tick,run,1691502626.0958772
run_tick,success,1691502626.098561
run_tick,run,1691502627.111592
run_tick,success,1691502627.1153731
run_tick,run,1691502628.1259708
run_tick,success,1691502628.129024
run_tick,run,1691502629.141372
run_tick,success,1691502629.144057
run_tick,run,1691502630.1600761
run_tick,success,1691502630.163029
run_tick,run,1691502631.1800041
run_tick,success,1691502631.182881
run_tick,run,1691502632.1963341
run_tick,success,1691502632.1992939
run_tick,run,1691502633.227107
run_tick,success,1691502633.2301178
run_tick,run,1691502634.243134
run_tick,success,1691502634.246788
run_tick,run,1691502635.2689888
run_tick,success,1691502635.272528
run_tick,run,1691502636.300213
run_tick,success,1691502636.308977
run_tick,run,1691502637.3178859
run_tick,success,1691502637.3213341
run_tick,run,1691502638.337007
run_tick,success,1691502638.340363
run_tick,run,1691502639.3642821
run_tick,success,1691502639.369919
run_tick,run,1691502640.398398
run_tick,success,1691502640.406116
run_tick,run,1691502641.420039
run_tick,success,1691502641.422941
run_tick,run,1691502642.435634
run_tick,success,1691502642.438569
run_tick,run,1691502643.450026
run_tick,success,1691502643.454504
run_tick,run,1691502644.4693289
run_tick,success,1691502644.473331
run_tick,run,1691502645.486082
run_tick,success,1691502645.489606
run_tick,run,1691502646.501013
run_tick,success,1691502646.504334
run_tick,run,1691502647.51579
run_tick,success,1691502647.5186749
run_tick,run,1691502648.533041
run_tick,success,1691502648.537389
run_tick,run,1691502649.5501828
run_tick,success,1691502649.5535831
run_tick,run,1691502650.567753
run_tick,success,1691502650.5711098
run_tick,run,1691502651.592289
run_tick,success,1691502651.596469
run_tick,run,1691502652.609345
run_tick,success,1691502652.612302
run_tick,run,1691502653.626261
run_tick,success,1691502653.629933
run_tick,run,1691502654.641172
run_tick,success,1691502654.643836
run_tick,run,1691502655.656429
run_tick,success,1691502655.744637
run_tick,run,1691502656.657563
run_tick,success,1691502656.660522
run_tick,run,1691502657.674741
run_tick,success,1691502657.677681
run_tick,run,1691502658.692246
run_tick,success,1691502658.695054
run_tick,run,1691502659.708674
run_tick,success,1691502659.712626
run_tick,run,1691502660.725903
run_tick,success,1691502660.728823
run_tick,run,1691502661.743617
run_tick,success,1691502661.746787
run_tick,run,1691502662.7593129
run_tick,success,1691502662.76202
run_tick,run,1691502663.7801359
run_tick,success,1691502663.782905
run_tick,run,1691502664.797633
run_tick,success,1691502664.800481
run_tick,run,1691502665.8137379
run_tick,success,1691502665.8188019
run_tick,run,1691502666.8333619
run_tick,success,1691502666.836404
run_tick,run,1691502667.852504
run_tick,success,1691502667.8555012
run_tick,run,1691502668.867624
run_tick,success,1691502668.870373
run_tick,run,1691502669.884682
run_tick,success,1691502669.8874009
run_tick,run,1691502670.903851
run_tick,success,1691502670.9071412
run_tick,run,1691502671.978011
run_tick,success,1691502671.980778
run_tick,run,1691502672.993703
run_tick,success,1691502672.9972732
run_tick,run,1691502674.011839
run_tick,success,1691502674.015517
run_tick,run,1691502675.0287511
run_tick,success,1691502675.0317461
run_tick,run,1691502676.046098
run_tick,success,1691502676.049162
run_tick,run,1691502677.0626209
run_tick,success,1691502677.065721
run_tick,run,1691502678.07852
run_tick,success,1691502678.0821729
run_tick,run,1691502679.115378
run_tick,success,1691502679.119759
run_tick,run,1691502680.131613
run_tick,success,1691502680.134989
run_tick,run,1691502681.148027
run_tick,success,1691502681.150744
run_tick,run,1691502682.162425
run_tick,success,1691502682.1650372
run_tick,run,1691502683.17722
run_tick,success,1691502683.1811898
run_tick,run,1691502684.192935
run_tick,success,1691502684.195869
run_tick,run,1691502685.211534
run_tick,success,1691502685.2152991
run_tick,run,1691502686.2271721
run_tick,success,1691502686.229944
run_tick,run,1691502687.317357
run_tick,success,1691502687.3205838
run_tick,run,1691502688.3330991
run_tick,success,1691502688.335892
run_tick,run,1691502689.349943
run_tick,success,1691502689.3527648
run_tick,run,1691502690.366251
run_tick,success,1691502690.368951
run_tick,run,1691502691.3813481
run_tick,success,1691502691.384511
run_tick,run,1691502692.408451
run_tick,success,1691502692.411493
run_tick,run,1691502693.425045
run_tick,success,1691502693.428024
run_tick,run,1691502694.472485
run_tick,success,1691502694.475439
run_tick,run,1691502695.496691
run_tick,success,1691502695.5063522
run_tick,run,1691502696.517737
run_tick,success,1691502696.5212722
run_tick,run,1691502697.5451589
run_tick,success,1691502697.548165
run_tick,run,1691502698.560755
run_tick,success,1691502698.563403
run_tick,run,1691502699.575994
run_tick,success,1691502699.578794
run_tick,run,1691502700.591861
run_tick,success,1691502700.594769
run_tick,run,1691502701.6072671
run_tick,success,1691502701.610087
run_tick,run,1691502702.622452
run_tick,success,1691502702.625084
run_tick,run,1691502703.638389
run_tick,success,1691502703.641058
run_tick,run,1691502704.65277
run_tick,success,1691502704.656752
run_tick,run,1691502705.670063
run_tick,success,1691502705.672875
run_tick,run,1691502706.684661
run_tick,success,1691502706.687664
run_tick,run,1691502707.698655
run_tick,success,1691502707.701838
run_tick,run,1691502708.7170959
run_tick,success,1691502708.7206552
run_tick,run,1691502709.733723
run_tick,success,1691502709.73696
run_tick,run,1691502710.7761269
run_tick,success,1691502710.780443
run_tick,run,1691502711.793899
run_tick,success,1691502711.798147
run_tick,run,1691502712.817106
run_tick,success,1691502712.8198788
run_tick,run,1691502713.835469
run_tick,success,1691502713.838945
run_tick,run,1691502714.852824
run_tick,success,1691502714.855872
run_tick,run,1691502715.869062
run_tick,success,1691502715.8719628
run_tick,run,1691502716.883957
run_tick,success,1691502716.886809
run_tick,run,1691502717.899543
run_tick,success,1691502717.9023418
run_tick,run,1691502718.913414
run_tick,success,1691502718.918168
run_tick,run,1691502719.929894
run_tick,success,1691502719.933407
run_tick,run,1691502720.945278
run_tick,success,1691502720.94897
run_tick,run,1691502721.963437
run_tick,success,1691502721.9675891
run_tick,run,1691502722.983883
run_tick,success,1691502722.986898
run_tick,run,1691502724.012573
run_tick,success,1691502724.0168052
run_tick,run,1691502725.03121
run_tick,success,1691502725.034187
run_tick,run,1691502726.055969
run_tick,success,1691502726.058947
run_tick,run,1691502727.071635
run_tick,success,1691502727.07475
run_tick,run,1691502728.0897439
run_tick,success,1691502728.0926468
run_tick,run,1691502729.106407
run_tick,success,1691502729.110111
run_tick,run,1691502730.12306
run_tick,success,1691502730.127315
run_tick,run,1691502731.140625
run_tick,success,1691502731.143428
run_tick,run,1691502732.191421
run_tick,success,1691502732.194628
run_tick,run,1691502733.267802
run_tick,success,1691502733.2715058
run_tick,run,1691502734.291269
run_tick,success,1691502734.2947252
run_tick,run,1691502735.309089
run_tick,success,1691502735.311987
run_tick,run,1691502736.327394
run_tick,success,1691502736.330132
run_tick,run,1691502737.3623621
run_tick,success,1691502737.3654761
run_tick,run,1691502738.428475
run_tick,success,1691502738.432346
run_tick,run,1691502739.449842
run_tick,success,1691502739.4531488
run_tick,run,1691502740.463169
run_tick,success,1691502740.4659672
run_tick,run,1691502741.4779751
run_tick,success,1691502741.480764
run_tick,run,1691502742.495435
run_tick,success,1691502742.498488
